Station,TTArrTime,ArrFlag,Loop,TTDepTime,DepFlag,Secn,TTHaltTime,MinHaltTime,TTRunTime,MinRunTime,TrainID,Priority
Kilo,2016-04-16 04:19:00,P,0,2016-04-16 04:24:00,P,0,5,5,18,15,20061,2
Juliet,2016-04-16 04:42:00,P,0,2016-04-16 04:47:00,P,0,5,5,18,15,20061,2
India,2016-04-16 05:05:00,P,0,2016-04-16 05:10:00,P,0,5,5,18,15,20061,2
Hotel,2016-04-16 05:28:00,P,0,2016-04-16 05:33:00,P,0,5,5,18,15,20061,2
Golf,2016-04-16 05:51:00,P,0,2016-04-16 05:56:00,P,0,5,5,18,15,20061,2
Foxtrot,2016-04-16 06:14:00,P,0,2016-04-16 06:19:00,P,0,5,5,18,15,20061,2
Echo,2016-04-16 06:37:00,P,0,2016-04-16 06:42:00,P,0,5,5,18,15,20061,2
Delta,2016-04-16 07:00:00,P,0,2016-04-16 07:05:00,P,0,5,5,18,15,20061,2
Charlie,2016-04-16 07:23:00,P,0,2016-04-16 07:28:00,P,0,5,5,18,15,20061,2
Bravo,2016-04-16 07:46:00,P,0,2016-04-16 07:51:00,P,0,5,5,18,15,20061,2
Alpha,2016-04-16 08:09:00,P,0,2016-04-16 08:14:00,P,0,5,5,0,0,20061,2
Alpha,2016-04-17 18:49:00,P,0,2016-04-17 18:54:00,P,0,5,5,18,15,20068,2
Bravo,2016-04-17 19:12:00,P,0,2016-04-17 19:17:00,P,0,5,5,18,15,20068,2
Charlie,2016-04-17 19:35:00,P,0,2016-04-17 19:40:00,P,0,5,5,18,15,20068,2
Delta,2016-04-17 19:58:00,P,0,2016-04-17 20:03:00,P,0,5,5,18,15,20068,2
Echo,2016-04-17 20:21:00,P,0,2016-04-17 20:26:00,P,0,5,5,18,15,20068,2
Foxtrot,2016-04-17 20:44:00,P,0,2016-04-17 20:49:00,P,0,5,5,18,15,20068,2
Golf,2016-04-17 21:07:00,P,0,2016-04-17 21:12:00,P,0,5,5,18,15,20068,2
Hotel,2016-04-17 21:30:00,P,0,2016-04-17 21:35:00,P,0,5,5,18,15,20068,2
India,2016-04-17 21:53:00,P,0,2016-04-17 21:58:00,P,0,5,5,18,15,20068,2
Juliet,2016-04-17 22:16:00,P,0,2016-04-17 22:21:00,P,0,5,5,18,15,20068,2
Kilo,2016-04-17 22:39:00,P,0,2016-04-17 22:44:00,P,0,5,5,0,0,20068,2
Kilo,2016-04-17 07:49:00,P,0,2016-04-17 07:54:00,P,0,5,5,18,15,20013,2
Juliet,2016-04-17 08:12:00,P,0,2016-04-17 08:17:00,P,0,5,5,18,15,20013,2
India,2016-04-17 08:35:00,P,0,2016-04-17 08:40:00,P,0,5,5,18,15,20013,2
Hotel,2016-04-17 08:58:00,P,0,2016-04-17 09:03:00,P,0,5,5,18,15,20013,2
Golf,2016-04-17 09:21:00,P,0,2016-04-17 09:26:00,P,0,5,5,18,15,20013,2
Foxtrot,2016-04-17 09:44:00,P,0,2016-04-17 09:49:00,P,0,5,5,18,15,20013,2
Echo,2016-04-17 10:07:00,P,0,2016-04-17 10:12:00,P,0,5,5,18,15,20013,2
Delta,2016-04-17 10:30:00,P,0,2016-04-17 10:35:00,P,0,5,5,18,15,20013,2
Charlie,2016-04-17 10:53:00,P,0,2016-04-17 10:58:00,P,0,5,5,18,15,20013,2
Bravo,2016-04-17 11:16:00,P,0,2016-04-17 11:21:00,P,0,5,5,18,15,20013,2
Alpha,2016-04-17 11:39:00,P,0,2016-04-17 11:44:00,P,0,5,5,0,0,20013,2
Kilo,2016-04-16 01:40:00,P,0,2016-04-16 01:45:00,P,0,5,5,18,15,20049,2
Juliet,2016-04-16 02:03:00,P,0,2016-04-16 02:08:00,P,0,5,5,18,15,20049,2
India,2016-04-16 02:26:00,P,0,2016-04-16 02:31:00,P,0,5,5,18,15,20049,2
Hotel,2016-04-16 02:49:00,P,0,2016-04-16 02:54:00,P,0,5,5,18,15,20049,2
Golf,2016-04-16 03:12:00,P,0,2016-04-16 03:17:00,P,0,5,5,18,15,20049,2
Foxtrot,2016-04-16 03:35:00,P,0,2016-04-16 03:40:00,P,0,5,5,18,15,20049,2
Echo,2016-04-16 03:58:00,P,0,2016-04-16 04:03:00,P,0,5,5,18,15,20049,2
Delta,2016-04-16 04:21:00,P,0,2016-04-16 04:26:00,P,0,5,5,18,15,20049,2
Charlie,2016-04-16 04:44:00,P,0,2016-04-16 04:49:00,P,0,5,5,18,15,20049,2
Bravo,2016-04-16 05:07:00,P,0,2016-04-16 05:12:00,P,0,5,5,18,15,20049,2
Alpha,2016-04-16 05:30:00,P,0,2016-04-16 05:35:00,P,0,5,5,0,0,20049,2
Alpha,2016-04-16 18:59:00,P,0,2016-04-16 19:04:00,P,0,5,5,18,15,20002,2
Bravo,2016-04-16 19:22:00,P,0,2016-04-16 19:27:00,P,0,5,5,18,15,20002,2
Charlie,2016-04-16 19:45:00,P,0,2016-04-16 19:50:00,P,0,5,5,18,15,20002,2
Delta,2016-04-16 20:08:00,P,0,2016-04-16 20:13:00,P,0,5,5,18,15,20002,2
Echo,2016-04-16 20:31:00,P,0,2016-04-16 20:36:00,P,0,5,5,18,15,20002,2
Foxtrot,2016-04-16 20:54:00,P,0,2016-04-16 20:59:00,P,0,5,5,18,15,20002,2
Golf,2016-04-16 21:17:00,P,0,2016-04-16 21:22:00,P,0,5,5,18,15,20002,2
Hotel,2016-04-16 21:40:00,P,0,2016-04-16 21:45:00,P,0,5,5,18,15,20002,2
India,2016-04-16 22:03:00,P,0,2016-04-16 22:08:00,P,0,5,5,18,15,20002,2
Juliet,2016-04-16 22:26:00,P,0,2016-04-16 22:31:00,P,0,5,5,18,15,20002,2
Kilo,2016-04-16 22:49:00,P,0,2016-04-16 22:54:00,P,0,5,5,0,0,20002,2
Kilo,2016-04-17 04:39:00,P,0,2016-04-17 04:44:00,P,0,5,5,18,15,20027,2
Juliet,2016-04-17 05:02:00,P,0,2016-04-17 05:07:00,P,0,5,5,18,15,20027,2
India,2016-04-17 05:25:00,P,0,2016-04-17 05:30:00,P,0,5,5,18,15,20027,2
Hotel,2016-04-17 05:48:00,P,0,2016-04-17 05:53:00,P,0,5,5,18,15,20027,2
Golf,2016-04-17 06:11:00,P,0,2016-04-17 06:16:00,P,0,5,5,18,15,20027,2
Foxtrot,2016-04-17 06:34:00,P,0,2016-04-17 06:39:00,P,0,5,5,18,15,20027,2
Echo,2016-04-17 06:57:00,P,0,2016-04-17 07:02:00,P,0,5,5,18,15,20027,2
Delta,2016-04-17 07:20:00,P,0,2016-04-17 07:25:00,P,0,5,5,18,15,20027,2
Charlie,2016-04-17 07:43:00,P,0,2016-04-17 07:48:00,P,0,5,5,18,15,20027,2
Bravo,2016-04-17 08:06:00,P,0,2016-04-17 08:11:00,P,0,5,5,18,15,20027,2
Alpha,2016-04-17 08:29:00,P,0,2016-04-17 08:34:00,P,0,5,5,0,0,20027,2
Alpha,2016-04-17 02:56:00,P,0,2016-04-17 03:01:00,P,0,5,5,18,15,20020,2
Bravo,2016-04-17 03:19:00,P,0,2016-04-17 03:24:00,P,0,5,5,18,15,20020,2
Charlie,2016-04-17 03:42:00,P,0,2016-04-17 03:47:00,P,0,5,5,18,15,20020,2
Delta,2016-04-17 04:05:00,P,0,2016-04-17 04:10:00,P,0,5,5,18,15,20020,2
Echo,2016-04-17 04:28:00,P,0,2016-04-17 04:33:00,P,0,5,5,18,15,20020,2
Foxtrot,2016-04-17 04:51:00,P,0,2016-04-17 04:56:00,P,0,5,5,18,15,20020,2
Golf,2016-04-17 05:14:00,P,0,2016-04-17 05:19:00,P,0,5,5,18,15,20020,2
Hotel,2016-04-17 05:37:00,P,0,2016-04-17 05:42:00,P,0,5,5,18,15,20020,2
India,2016-04-17 06:00:00,P,0,2016-04-17 06:05:00,P,0,5,5,18,15,20020,2
Juliet,2016-04-17 06:23:00,P,0,2016-04-17 06:28:00,P,0,5,5,18,15,20020,2
Kilo,2016-04-17 06:46:00,P,0,2016-04-17 06:51:00,P,0,5,5,0,0,20020,2
Alpha,2016-04-16 17:28:00,P,0,2016-04-16 17:33:00,P,0,5,5,18,15,20070,2
Bravo,2016-04-16 17:51:00,P,0,2016-04-16 17:56:00,P,0,5,5,18,15,20070,2
Charlie,2016-04-16 18:14:00,P,0,2016-04-16 18:19:00,P,0,5,5,18,15,20070,2
Delta,2016-04-16 18:37:00,P,0,2016-04-16 18:42:00,P,0,5,5,18,15,20070,2
Echo,2016-04-16 19:00:00,P,0,2016-04-16 19:05:00,P,0,5,5,18,15,20070,2
Foxtrot,2016-04-16 19:23:00,P,0,2016-04-16 19:28:00,P,0,5,5,18,15,20070,2
Golf,2016-04-16 19:46:00,P,0,2016-04-16 19:51:00,P,0,5,5,18,15,20070,2
Hotel,2016-04-16 20:09:00,P,0,2016-04-16 20:14:00,P,0,5,5,18,15,20070,2
India,2016-04-16 20:32:00,P,0,2016-04-16 20:37:00,P,0,5,5,18,15,20070,2
Juliet,2016-04-16 20:55:00,P,0,2016-04-16 21:00:00,P,0,5,5,18,15,20070,2
Kilo,2016-04-16 21:18:00,P,0,2016-04-16 21:23:00,P,0,5,5,0,0,20070,2
Kilo,2016-04-16 09:17:00,P,0,2016-04-16 09:22:00,P,0,5,5,18,15,20045,2
Juliet,2016-04-16 09:40:00,P,0,2016-04-16 09:45:00,P,0,5,5,18,15,20045,2
India,2016-04-16 10:03:00,P,0,2016-04-16 10:08:00,P,0,5,5,18,15,20045,2
Hotel,2016-04-16 10:26:00,P,0,2016-04-16 10:31:00,P,0,5,5,18,15,20045,2
Golf,2016-04-16 10:49:00,P,0,2016-04-16 10:54:00,P,0,5,5,18,15,20045,2
Foxtrot,2016-04-16 11:12:00,P,0,2016-04-16 11:17:00,P,0,5,5,18,15,20045,2
Echo,2016-04-16 11:35:00,P,0,2016-04-16 11:40:00,P,0,5,5,18,15,20045,2
Delta,2016-04-16 11:58:00,P,0,2016-04-16 12:03:00,P,0,5,5,18,15,20045,2
Charlie,2016-04-16 12:21:00,P,0,2016-04-16 12:26:00,P,0,5,5,18,15,20045,2
Bravo,2016-04-16 12:44:00,P,0,2016-04-16 12:49:00,P,0,5,5,18,15,20045,2
Alpha,2016-04-16 13:07:00,P,0,2016-04-16 13:12:00,P,0,5,5,0,0,20045,2
Kilo,2016-04-17 13:24:00,P,0,2016-04-17 13:29:00,P,0,5,5,18,15,20019,2
Juliet,2016-04-17 13:47:00,P,0,2016-04-17 13:52:00,P,0,5,5,18,15,20019,2
India,2016-04-17 14:10:00,P,0,2016-04-17 14:15:00,P,0,5,5,18,15,20019,2
Hotel,2016-04-17 14:33:00,P,0,2016-04-17 14:38:00,P,0,5,5,18,15,20019,2
Golf,2016-04-17 14:56:00,P,0,2016-04-17 15:01:00,P,0,5,5,18,15,20019,2
Foxtrot,2016-04-17 15:19:00,P,0,2016-04-17 15:24:00,P,0,5,5,18,15,20019,2
Echo,2016-04-17 15:42:00,P,0,2016-04-17 15:47:00,P,0,5,5,18,15,20019,2
Delta,2016-04-17 16:05:00,P,0,2016-04-17 16:10:00,P,0,5,5,18,15,20019,2
Charlie,2016-04-17 16:28:00,P,0,2016-04-17 16:33:00,P,0,5,5,18,15,20019,2
Bravo,2016-04-17 16:51:00,P,0,2016-04-17 16:56:00,P,0,5,5,18,15,20019,2
Alpha,2016-04-17 17:14:00,P,0,2016-04-17 17:19:00,P,0,5,5,0,0,20019,2
Kilo,2016-04-16 20:31:00,P,0,2016-04-16 20:36:00,P,0,5,5,18,15,20017,2
Juliet,2016-04-16 20:54:00,P,0,2016-04-16 20:59:00,P,0,5,5,18,15,20017,2
India,2016-04-16 21:17:00,P,0,2016-04-16 21:22:00,P,0,5,5,18,15,20017,2
Hotel,2016-04-16 21:40:00,P,0,2016-04-16 21:45:00,P,0,5,5,18,15,20017,2
Golf,2016-04-16 22:03:00,P,0,2016-04-16 22:08:00,P,0,5,5,18,15,20017,2
Foxtrot,2016-04-16 22:26:00,P,0,2016-04-16 22:31:00,P,0,5,5,18,15,20017,2
Echo,2016-04-16 22:49:00,P,0,2016-04-16 22:54:00,P,0,5,5,18,15,20017,2
Delta,2016-04-16 23:12:00,P,0,2016-04-16 23:17:00,P,0,5,5,18,15,20017,2
Charlie,2016-04-16 23:35:00,P,0,2016-04-16 23:40:00,P,0,5,5,18,15,20017,2
Bravo,2016-04-16 23:58:00,P,0,2016-04-17 00:03:00,P,0,5,5,18,15,20017,2
Alpha,2016-04-17 00:21:00,P,0,2016-04-17 00:26:00,P,0,5,5,0,0,20017,2
Kilo,2016-04-16 06:05:00,P,0,2016-04-16 06:10:00,P,0,5,5,18,15,20033,2
Juliet,2016-04-16 06:28:00,P,0,2016-04-16 06:33:00,P,0,5,5,18,15,20033,2
India,2016-04-16 06:51:00,P,0,2016-04-16 06:56:00,P,0,5,5,18,15,20033,2
Hotel,2016-04-16 07:14:00,P,0,2016-04-16 07:19:00,P,0,5,5,18,15,20033,2
Golf,2016-04-16 07:37:00,P,0,2016-04-16 07:42:00,P,0,5,5,18,15,20033,2
Foxtrot,2016-04-16 08:00:00,P,0,2016-04-16 08:05:00,P,0,5,5,18,15,20033,2
Echo,2016-04-16 08:23:00,P,0,2016-04-16 08:28:00,P,0,5,5,18,15,20033,2
Delta,2016-04-16 08:46:00,P,0,2016-04-16 08:51:00,P,0,5,5,18,15,20033,2
Charlie,2016-04-16 09:09:00,P,0,2016-04-16 09:14:00,P,0,5,5,18,15,20033,2
Bravo,2016-04-16 09:32:00,P,0,2016-04-16 09:37:00,P,0,5,5,18,15,20033,2
Alpha,2016-04-16 09:55:00,P,0,2016-04-16 10:00:00,P,0,5,5,0,0,20033,2
Alpha,2016-04-16 21:20:00,P,0,2016-04-16 21:25:00,P,0,5,5,18,15,20016,2
Bravo,2016-04-16 21:43:00,P,0,2016-04-16 21:48:00,P,0,5,5,18,15,20016,2
Charlie,2016-04-16 22:06:00,P,0,2016-04-16 22:11:00,P,0,5,5,18,15,20016,2
Delta,2016-04-16 22:29:00,P,0,2016-04-16 22:34:00,P,0,5,5,18,15,20016,2
Echo,2016-04-16 22:52:00,P,0,2016-04-16 22:57:00,P,0,5,5,18,15,20016,2
Foxtrot,2016-04-16 23:15:00,P,0,2016-04-16 23:20:00,P,0,5,5,18,15,20016,2
Golf,2016-04-16 23:38:00,P,0,2016-04-16 23:43:00,P,0,5,5,18,15,20016,2
Hotel,2016-04-17 00:01:00,P,0,2016-04-17 00:06:00,P,0,5,5,18,15,20016,2
India,2016-04-17 00:24:00,P,0,2016-04-17 00:29:00,P,0,5,5,18,15,20016,2
Juliet,2016-04-17 00:47:00,P,0,2016-04-17 00:52:00,P,0,5,5,18,15,20016,2
Kilo,2016-04-17 01:10:00,P,0,2016-04-17 01:15:00,P,0,5,5,0,0,20016,2
Kilo,2016-04-16 11:38:00,P,0,2016-04-16 11:43:00,P,0,5,5,18,15,20037,2
Juliet,2016-04-16 12:01:00,P,0,2016-04-16 12:06:00,P,0,5,5,18,15,20037,2
India,2016-04-16 12:24:00,P,0,2016-04-16 12:29:00,P,0,5,5,18,15,20037,2
Hotel,2016-04-16 12:47:00,P,0,2016-04-16 12:52:00,P,0,5,5,18,15,20037,2
Golf,2016-04-16 13:10:00,P,0,2016-04-16 13:15:00,P,0,5,5,18,15,20037,2
Foxtrot,2016-04-16 13:33:00,P,0,2016-04-16 13:38:00,P,0,5,5,18,15,20037,2
Echo,2016-04-16 13:56:00,P,0,2016-04-16 14:01:00,P,0,5,5,18,15,20037,2
Delta,2016-04-16 14:19:00,P,0,2016-04-16 14:24:00,P,0,5,5,18,15,20037,2
Charlie,2016-04-16 14:42:00,P,0,2016-04-16 14:47:00,P,0,5,5,18,15,20037,2
Bravo,2016-04-16 15:05:00,P,0,2016-04-16 15:10:00,P,0,5,5,18,15,20037,2
Alpha,2016-04-16 15:28:00,P,0,2016-04-16 15:33:00,P,0,5,5,0,0,20037,2
Alpha,2016-04-17 09:10:00,P,0,2016-04-17 09:15:00,P,0,5,5,18,15,20050,2
Bravo,2016-04-17 09:33:00,P,0,2016-04-17 09:38:00,P,0,5,5,18,15,20050,2
Charlie,2016-04-17 09:56:00,P,0,2016-04-17 10:01:00,P,0,5,5,18,15,20050,2
Delta,2016-04-17 10:19:00,P,0,2016-04-17 10:24:00,P,0,5,5,18,15,20050,2
Echo,2016-04-17 10:42:00,P,0,2016-04-17 10:47:00,P,0,5,5,18,15,20050,2
Foxtrot,2016-04-17 11:05:00,P,0,2016-04-17 11:10:00,P,0,5,5,18,15,20050,2
Golf,2016-04-17 11:28:00,P,0,2016-04-17 11:33:00,P,0,5,5,18,15,20050,2
Hotel,2016-04-17 11:51:00,P,0,2016-04-17 11:56:00,P,0,5,5,18,15,20050,2
India,2016-04-17 12:14:00,P,0,2016-04-17 12:19:00,P,0,5,5,18,15,20050,2
Juliet,2016-04-17 12:37:00,P,0,2016-04-17 12:42:00,P,0,5,5,18,15,20050,2
Kilo,2016-04-17 13:00:00,P,0,2016-04-17 13:05:00,P,0,5,5,0,0,20050,2
Kilo,2016-04-17 08:23:00,P,0,2016-04-17 08:28:00,P,0,5,5,18,15,20057,2
Juliet,2016-04-17 08:46:00,P,0,2016-04-17 08:51:00,P,0,5,5,18,15,20057,2
India,2016-04-17 09:09:00,P,0,2016-04-17 09:14:00,P,0,5,5,18,15,20057,2
Hotel,2016-04-17 09:32:00,P,0,2016-04-17 09:37:00,P,0,5,5,18,15,20057,2
Golf,2016-04-17 09:55:00,P,0,2016-04-17 10:00:00,P,0,5,5,18,15,20057,2
Foxtrot,2016-04-17 10:18:00,P,0,2016-04-17 10:23:00,P,0,5,5,18,15,20057,2
Echo,2016-04-17 10:41:00,P,0,2016-04-17 10:46:00,P,0,5,5,18,15,20057,2
Delta,2016-04-17 11:04:00,P,0,2016-04-17 11:09:00,P,0,5,5,18,15,20057,2
Charlie,2016-04-17 11:27:00,P,0,2016-04-17 11:32:00,P,0,5,5,18,15,20057,2
Bravo,2016-04-17 11:50:00,P,0,2016-04-17 11:55:00,P,0,5,5,18,15,20057,2
Alpha,2016-04-17 12:13:00,P,0,2016-04-17 12:18:00,P,0,5,5,0,0,20057,2
Alpha,2016-04-16 16:53:00,P,0,2016-04-16 16:58:00,P,0,5,5,18,15,20014,2
Bravo,2016-04-16 17:16:00,P,0,2016-04-16 17:21:00,P,0,5,5,18,15,20014,2
Charlie,2016-04-16 17:39:00,P,0,2016-04-16 17:44:00,P,0,5,5,18,15,20014,2
Delta,2016-04-16 18:02:00,P,0,2016-04-16 18:07:00,P,0,5,5,18,15,20014,2
Echo,2016-04-16 18:25:00,P,0,2016-04-16 18:30:00,P,0,5,5,18,15,20014,2
Foxtrot,2016-04-16 18:48:00,P,0,2016-04-16 18:53:00,P,0,5,5,18,15,20014,2
Golf,2016-04-16 19:11:00,P,0,2016-04-16 19:16:00,P,0,5,5,18,15,20014,2
Hotel,2016-04-16 19:34:00,P,0,2016-04-16 19:39:00,P,0,5,5,18,15,20014,2
India,2016-04-16 19:57:00,P,0,2016-04-16 20:02:00,P,0,5,5,18,15,20014,2
Juliet,2016-04-16 20:20:00,P,0,2016-04-16 20:25:00,P,0,5,5,18,15,20014,2
Kilo,2016-04-16 20:43:00,P,0,2016-04-16 20:48:00,P,0,5,5,0,0,20014,2
Alpha,2016-04-16 20:14:00,P,0,2016-04-16 20:19:00,P,0,5,5,18,15,20054,2
Bravo,2016-04-16 20:37:00,P,0,2016-04-16 20:42:00,P,0,5,5,18,15,20054,2
Charlie,2016-04-16 21:00:00,P,0,2016-04-16 21:05:00,P,0,5,5,18,15,20054,2
Delta,2016-04-16 21:23:00,P,0,2016-04-16 21:28:00,P,0,5,5,18,15,20054,2
Echo,2016-04-16 21:46:00,P,0,2016-04-16 21:51:00,P,0,5,5,18,15,20054,2
Foxtrot,2016-04-16 22:09:00,P,0,2016-04-16 22:14:00,P,0,5,5,18,15,20054,2
Golf,2016-04-16 22:32:00,P,0,2016-04-16 22:37:00,P,0,5,5,18,15,20054,2
Hotel,2016-04-16 22:55:00,P,0,2016-04-16 23:00:00,P,0,5,5,18,15,20054,2
India,2016-04-16 23:18:00,P,0,2016-04-16 23:23:00,P,0,5,5,18,15,20054,2
Juliet,2016-04-16 23:41:00,P,0,2016-04-16 23:46:00,P,0,5,5,18,15,20054,2
Kilo,2016-04-17 00:04:00,P,0,2016-04-17 00:09:00,P,0,5,5,0,0,20054,2
Alpha,2016-04-17 21:01:00,P,0,2016-04-17 21:06:00,P,0,5,5,18,15,20024,2
Bravo,2016-04-17 21:24:00,P,0,2016-04-17 21:29:00,P,0,5,5,18,15,20024,2
Charlie,2016-04-17 21:47:00,P,0,2016-04-17 21:52:00,P,0,5,5,18,15,20024,2
Delta,2016-04-17 22:10:00,P,0,2016-04-17 22:15:00,P,0,5,5,18,15,20024,2
Echo,2016-04-17 22:33:00,P,0,2016-04-17 22:38:00,P,0,5,5,18,15,20024,2
Foxtrot,2016-04-17 22:56:00,P,0,2016-04-17 23:01:00,P,0,5,5,18,15,20024,2
Golf,2016-04-17 23:19:00,P,0,2016-04-17 23:24:00,P,0,5,5,18,15,20024,2
Hotel,2016-04-17 23:42:00,P,0,2016-04-17 23:47:00,P,0,5,5,18,15,20024,2
India,2016-04-18 00:05:00,P,0,2016-04-18 00:10:00,P,0,5,5,18,15,20024,2
Juliet,2016-04-18 00:28:00,P,0,2016-04-18 00:33:00,P,0,5,5,18,15,20024,2
Kilo,2016-04-18 00:51:00,P,0,2016-04-18 00:56:00,P,0,5,5,0,0,20024,2
Alpha,2016-04-16 19:56:00,P,0,2016-04-16 20:01:00,P,0,5,5,18,15,20030,2
Bravo,2016-04-16 20:19:00,P,0,2016-04-16 20:24:00,P,0,5,5,18,15,20030,2
Charlie,2016-04-16 20:42:00,P,0,2016-04-16 20:47:00,P,0,5,5,18,15,20030,2
Delta,2016-04-16 21:05:00,P,0,2016-04-16 21:10:00,P,0,5,5,18,15,20030,2
Echo,2016-04-16 21:28:00,P,0,2016-04-16 21:33:00,P,0,5,5,18,15,20030,2
Foxtrot,2016-04-16 21:51:00,P,0,2016-04-16 21:56:00,P,0,5,5,18,15,20030,2
Golf,2016-04-16 22:14:00,P,0,2016-04-16 22:19:00,P,0,5,5,18,15,20030,2
Hotel,2016-04-16 22:37:00,P,0,2016-04-16 22:42:00,P,0,5,5,18,15,20030,2
India,2016-04-16 23:00:00,P,0,2016-04-16 23:05:00,P,0,5,5,18,15,20030,2
Juliet,2016-04-16 23:23:00,P,0,2016-04-16 23:28:00,P,0,5,5,18,15,20030,2
Kilo,2016-04-16 23:46:00,P,0,2016-04-16 23:51:00,P,0,5,5,0,0,20030,2
Kilo,2016-04-17 22:09:00,P,0,2016-04-17 22:14:00,P,0,5,5,12,10,10023,1
Juliet,2016-04-17 22:26:00,P,0,2016-04-17 22:31:00,P,0,5,5,12,10,10023,1
India,2016-04-17 22:43:00,P,0,2016-04-17 22:48:00,P,0,5,5,12,10,10023,1
Hotel,2016-04-17 23:00:00,P,0,2016-04-17 23:05:00,P,0,5,5,12,10,10023,1
Golf,2016-04-17 23:17:00,P,0,2016-04-17 23:22:00,P,0,5,5,12,10,10023,1
Foxtrot,2016-04-17 23:34:00,P,0,2016-04-17 23:39:00,P,0,5,5,12,10,10023,1
Echo,2016-04-17 23:51:00,P,0,2016-04-17 23:56:00,P,0,5,5,12,10,10023,1
Delta,2016-04-18 00:08:00,P,0,2016-04-18 00:13:00,P,0,5,5,12,10,10023,1
Charlie,2016-04-18 00:25:00,P,0,2016-04-18 00:30:00,P,0,5,5,12,10,10023,1
Bravo,2016-04-18 00:42:00,P,0,2016-04-18 00:47:00,P,0,5,5,12,10,10023,1
Alpha,2016-04-18 00:59:00,P,0,2016-04-18 01:04:00,P,0,5,5,0,0,10023,1
Kilo,2016-04-16 04:24:00,P,0,2016-04-16 04:29:00,P,0,5,5,12,10,10027,1
Juliet,2016-04-16 04:41:00,P,0,2016-04-16 04:46:00,P,0,5,5,12,10,10027,1
India,2016-04-16 04:58:00,P,0,2016-04-16 05:03:00,P,0,5,5,12,10,10027,1
Hotel,2016-04-16 05:15:00,P,0,2016-04-16 05:20:00,P,0,5,5,12,10,10027,1
Golf,2016-04-16 05:32:00,P,0,2016-04-16 05:37:00,P,0,5,5,12,10,10027,1
Foxtrot,2016-04-16 05:49:00,P,0,2016-04-16 05:54:00,P,0,5,5,12,10,10027,1
Echo,2016-04-16 06:06:00,P,0,2016-04-16 06:11:00,P,0,5,5,12,10,10027,1
Delta,2016-04-16 06:23:00,P,0,2016-04-16 06:28:00,P,0,5,5,12,10,10027,1
Charlie,2016-04-16 06:40:00,P,0,2016-04-16 06:45:00,P,0,5,5,12,10,10027,1
Bravo,2016-04-16 06:57:00,P,0,2016-04-16 07:02:00,P,0,5,5,12,10,10027,1
Alpha,2016-04-16 07:14:00,P,0,2016-04-16 07:19:00,P,0,5,5,0,0,10027,1
Kilo,2016-04-17 22:43:00,P,0,2016-04-17 22:48:00,P,0,5,5,18,15,20075,2
Juliet,2016-04-17 23:06:00,P,0,2016-04-17 23:11:00,P,0,5,5,18,15,20075,2
India,2016-04-17 23:29:00,P,0,2016-04-17 23:34:00,P,0,5,5,18,15,20075,2
Hotel,2016-04-17 23:52:00,P,0,2016-04-17 23:57:00,P,0,5,5,18,15,20075,2
Golf,2016-04-18 00:15:00,P,0,2016-04-18 00:20:00,P,0,5,5,18,15,20075,2
Foxtrot,2016-04-18 00:38:00,P,0,2016-04-18 00:43:00,P,0,5,5,18,15,20075,2
Echo,2016-04-18 01:01:00,P,0,2016-04-18 01:06:00,P,0,5,5,18,15,20075,2
Delta,2016-04-18 01:24:00,P,0,2016-04-18 01:29:00,P,0,5,5,18,15,20075,2
Charlie,2016-04-18 01:47:00,P,0,2016-04-18 01:52:00,P,0,5,5,18,15,20075,2
Bravo,2016-04-18 02:10:00,P,0,2016-04-18 02:15:00,P,0,5,5,18,15,20075,2
Alpha,2016-04-18 02:33:00,P,0,2016-04-18 02:38:00,P,0,5,5,0,0,20075,2
Kilo,2016-04-17 18:07:00,P,0,2016-04-17 18:12:00,P,0,5,5,18,15,20025,2
Juliet,2016-04-17 18:30:00,P,0,2016-04-17 18:35:00,P,0,5,5,18,15,20025,2
India,2016-04-17 18:53:00,P,0,2016-04-17 18:58:00,P,0,5,5,18,15,20025,2
Hotel,2016-04-17 19:16:00,P,0,2016-04-17 19:21:00,P,0,5,5,18,15,20025,2
Golf,2016-04-17 19:39:00,P,0,2016-04-17 19:44:00,P,0,5,5,18,15,20025,2
Foxtrot,2016-04-17 20:02:00,P,0,2016-04-17 20:07:00,P,0,5,5,18,15,20025,2
Echo,2016-04-17 20:25:00,P,0,2016-04-17 20:30:00,P,0,5,5,18,15,20025,2
Delta,2016-04-17 20:48:00,P,0,2016-04-17 20:53:00,P,0,5,5,18,15,20025,2
Charlie,2016-04-17 21:11:00,P,0,2016-04-17 21:16:00,P,0,5,5,18,15,20025,2
Bravo,2016-04-17 21:34:00,P,0,2016-04-17 21:39:00,P,0,5,5,18,15,20025,2
Alpha,2016-04-17 21:57:00,P,0,2016-04-17 22:02:00,P,0,5,5,0,0,20025,2
Alpha,2016-04-16 10:27:00,P,0,2016-04-16 10:32:00,P,0,5,5,18,15,20072,2
Bravo,2016-04-16 10:50:00,P,0,2016-04-16 10:55:00,P,0,5,5,18,15,20072,2
Charlie,2016-04-16 11:13:00,P,0,2016-04-16 11:18:00,P,0,5,5,18,15,20072,2
Delta,2016-04-16 11:36:00,P,0,2016-04-16 11:41:00,P,0,5,5,18,15,20072,2
Echo,2016-04-16 11:59:00,P,0,2016-04-16 12:04:00,P,0,5,5,18,15,20072,2
Foxtrot,2016-04-16 12:22:00,P,0,2016-04-16 12:27:00,P,0,5,5,18,15,20072,2
Golf,2016-04-16 12:45:00,P,0,2016-04-16 12:50:00,P,0,5,5,18,15,20072,2
Hotel,2016-04-16 13:08:00,P,0,2016-04-16 13:13:00,P,0,5,5,18,15,20072,2
India,2016-04-16 13:31:00,P,0,2016-04-16 13:36:00,P,0,5,5,18,15,20072,2
Juliet,2016-04-16 13:54:00,P,0,2016-04-16 13:59:00,P,0,5,5,18,15,20072,2
Kilo,2016-04-16 14:17:00,P,0,2016-04-16 14:22:00,P,0,5,5,0,0,20072,2
Kilo,2016-04-17 06:05:00,P,0,2016-04-17 06:10:00,P,0,5,5,18,15,20067,2
Juliet,2016-04-17 06:28:00,P,0,2016-04-17 06:33:00,P,0,5,5,18,15,20067,2
India,2016-04-17 06:51:00,P,0,2016-04-17 06:56:00,P,0,5,5,18,15,20067,2
Hotel,2016-04-17 07:14:00,P,0,2016-04-17 07:19:00,P,0,5,5,18,15,20067,2
Golf,2016-04-17 07:37:00,P,0,2016-04-17 07:42:00,P,0,5,5,18,15,20067,2
Foxtrot,2016-04-17 08:00:00,P,0,2016-04-17 08:05:00,P,0,5,5,18,15,20067,2
Echo,2016-04-17 08:23:00,P,0,2016-04-17 08:28:00,P,0,5,5,18,15,20067,2
Delta,2016-04-17 08:46:00,P,0,2016-04-17 08:51:00,P,0,5,5,18,15,20067,2
Charlie,2016-04-17 09:09:00,P,0,2016-04-17 09:14:00,P,0,5,5,18,15,20067,2
Bravo,2016-04-17 09:32:00,P,0,2016-04-17 09:37:00,P,0,5,5,18,15,20067,2
Alpha,2016-04-17 09:55:00,P,0,2016-04-17 10:00:00,P,0,5,5,0,0,20067,2
Kilo,2016-04-16 22:13:00,P,0,2016-04-16 22:18:00,P,0,5,5,12,10,10031,1
Juliet,2016-04-16 22:30:00,P,0,2016-04-16 22:35:00,P,0,5,5,12,10,10031,1
India,2016-04-16 22:47:00,P,0,2016-04-16 22:52:00,P,0,5,5,12,10,10031,1
Hotel,2016-04-16 23:04:00,P,0,2016-04-16 23:09:00,P,0,5,5,12,10,10031,1
Golf,2016-04-16 23:21:00,P,0,2016-04-16 23:26:00,P,0,5,5,12,10,10031,1
Foxtrot,2016-04-16 23:38:00,P,0,2016-04-16 23:43:00,P,0,5,5,12,10,10031,1
Echo,2016-04-16 23:55:00,P,0,2016-04-17 00:00:00,P,0,5,5,12,10,10031,1
Delta,2016-04-17 00:12:00,P,0,2016-04-17 00:17:00,P,0,5,5,12,10,10031,1
Charlie,2016-04-17 00:29:00,P,0,2016-04-17 00:34:00,P,0,5,5,12,10,10031,1
Bravo,2016-04-17 00:46:00,P,0,2016-04-17 00:51:00,P,0,5,5,12,10,10031,1
Alpha,2016-04-17 01:03:00,P,0,2016-04-17 01:08:00,P,0,5,5,0,0,10031,1
Kilo,2016-04-17 22:19:00,P,0,2016-04-17 22:24:00,P,0,5,5,12,10,10025,1
Juliet,2016-04-17 22:36:00,P,0,2016-04-17 22:41:00,P,0,5,5,12,10,10025,1
India,2016-04-17 22:53:00,P,0,2016-04-17 22:58:00,P,0,5,5,12,10,10025,1
Hotel,2016-04-17 23:10:00,P,0,2016-04-17 23:15:00,P,0,5,5,12,10,10025,1
Golf,2016-04-17 23:27:00,P,0,2016-04-17 23:32:00,P,0,5,5,12,10,10025,1
Foxtrot,2016-04-17 23:44:00,P,0,2016-04-17 23:49:00,P,0,5,5,12,10,10025,1
Echo,2016-04-18 00:01:00,P,0,2016-04-18 00:06:00,P,0,5,5,12,10,10025,1
Delta,2016-04-18 00:18:00,P,0,2016-04-18 00:23:00,P,0,5,5,12,10,10025,1
Charlie,2016-04-18 00:35:00,P,0,2016-04-18 00:40:00,P,0,5,5,12,10,10025,1
Bravo,2016-04-18 00:52:00,P,0,2016-04-18 00:57:00,P,0,5,5,12,10,10025,1
Alpha,2016-04-18 01:09:00,P,0,2016-04-18 01:14:00,P,0,5,5,0,0,10025,1
Kilo,2016-04-16 07:53:00,P,0,2016-04-16 07:58:00,P,0,5,5,12,10,10009,1
Juliet,2016-04-16 08:10:00,P,0,2016-04-16 08:15:00,P,0,5,5,12,10,10009,1
India,2016-04-16 08:27:00,P,0,2016-04-16 08:32:00,P,0,5,5,12,10,10009,1
Hotel,2016-04-16 08:44:00,P,0,2016-04-16 08:49:00,P,0,5,5,12,10,10009,1
Golf,2016-04-16 09:01:00,P,0,2016-04-16 09:06:00,P,0,5,5,12,10,10009,1
Foxtrot,2016-04-16 09:18:00,P,0,2016-04-16 09:23:00,P,0,5,5,12,10,10009,1
Echo,2016-04-16 09:35:00,P,0,2016-04-16 09:40:00,P,0,5,5,12,10,10009,1
Delta,2016-04-16 09:52:00,P,0,2016-04-16 09:57:00,P,0,5,5,12,10,10009,1
Charlie,2016-04-16 10:09:00,P,0,2016-04-16 10:14:00,P,0,5,5,12,10,10009,1
Bravo,2016-04-16 10:26:00,P,0,2016-04-16 10:31:00,P,0,5,5,12,10,10009,1
Alpha,2016-04-16 10:43:00,P,0,2016-04-16 10:48:00,P,0,5,5,0,0,10009,1
Kilo,2016-04-17 09:01:00,P,0,2016-04-17 09:06:00,P,0,5,5,12,10,10019,1
Juliet,2016-04-17 09:18:00,P,0,2016-04-17 09:23:00,P,0,5,5,12,10,10019,1
India,2016-04-17 09:35:00,P,0,2016-04-17 09:40:00,P,0,5,5,12,10,10019,1
Hotel,2016-04-17 09:52:00,P,0,2016-04-17 09:57:00,P,0,5,5,12,10,10019,1
Golf,2016-04-17 10:09:00,P,0,2016-04-17 10:14:00,P,0,5,5,12,10,10019,1
Foxtrot,2016-04-17 10:26:00,P,0,2016-04-17 10:31:00,P,0,5,5,12,10,10019,1
Echo,2016-04-17 10:43:00,P,0,2016-04-17 10:48:00,P,0,5,5,12,10,10019,1
Delta,2016-04-17 11:00:00,P,0,2016-04-17 11:05:00,P,0,5,5,12,10,10019,1
Charlie,2016-04-17 11:17:00,P,0,2016-04-17 11:22:00,P,0,5,5,12,10,10019,1
Bravo,2016-04-17 11:34:00,P,0,2016-04-17 11:39:00,P,0,5,5,12,10,10019,1
Alpha,2016-04-17 11:51:00,P,0,2016-04-17 11:56:00,P,0,5,5,0,0,10019,1
Alpha,2016-04-17 02:38:00,P,0,2016-04-17 02:43:00,P,0,5,5,18,15,20048,2
Bravo,2016-04-17 03:01:00,P,0,2016-04-17 03:06:00,P,0,5,5,18,15,20048,2
Charlie,2016-04-17 03:24:00,P,0,2016-04-17 03:29:00,P,0,5,5,18,15,20048,2
Delta,2016-04-17 03:47:00,P,0,2016-04-17 03:52:00,P,0,5,5,18,15,20048,2
Echo,2016-04-17 04:10:00,P,0,2016-04-17 04:15:00,P,0,5,5,18,15,20048,2
Foxtrot,2016-04-17 04:33:00,P,0,2016-04-17 04:38:00,P,0,5,5,18,15,20048,2
Golf,2016-04-17 04:56:00,P,0,2016-04-17 05:01:00,P,0,5,5,18,15,20048,2
Hotel,2016-04-17 05:19:00,P,0,2016-04-17 05:24:00,P,0,5,5,18,15,20048,2
India,2016-04-17 05:42:00,P,0,2016-04-17 05:47:00,P,0,5,5,18,15,20048,2
Juliet,2016-04-17 06:05:00,P,0,2016-04-17 06:10:00,P,0,5,5,18,15,20048,2
Kilo,2016-04-17 06:28:00,P,0,2016-04-17 06:33:00,P,0,5,5,0,0,20048,2
Kilo,2016-04-16 14:54:00,P,0,2016-04-16 14:59:00,P,0,5,5,18,15,20009,2
Juliet,2016-04-16 15:17:00,P,0,2016-04-16 15:22:00,P,0,5,5,18,15,20009,2
India,2016-04-16 15:40:00,P,0,2016-04-16 15:45:00,P,0,5,5,18,15,20009,2
Hotel,2016-04-16 16:03:00,P,0,2016-04-16 16:08:00,P,0,5,5,18,15,20009,2
Golf,2016-04-16 16:26:00,P,0,2016-04-16 16:31:00,P,0,5,5,18,15,20009,2
Foxtrot,2016-04-16 16:49:00,P,0,2016-04-16 16:54:00,P,0,5,5,18,15,20009,2
Echo,2016-04-16 17:12:00,P,0,2016-04-16 17:17:00,P,0,5,5,18,15,20009,2
Delta,2016-04-16 17:35:00,P,0,2016-04-16 17:40:00,P,0,5,5,18,15,20009,2
Charlie,2016-04-16 17:58:00,P,0,2016-04-16 18:03:00,P,0,5,5,18,15,20009,2
Bravo,2016-04-16 18:21:00,P,0,2016-04-16 18:26:00,P,0,5,5,18,15,20009,2
Alpha,2016-04-16 18:44:00,P,0,2016-04-16 18:49:00,P,0,5,5,0,0,20009,2
Alpha,2016-04-16 07:29:00,P,0,2016-04-16 07:34:00,P,0,5,5,18,15,20056,2
Bravo,2016-04-16 07:52:00,P,0,2016-04-16 07:57:00,P,0,5,5,18,15,20056,2
Charlie,2016-04-16 08:15:00,P,0,2016-04-16 08:20:00,P,0,5,5,18,15,20056,2
Delta,2016-04-16 08:38:00,P,0,2016-04-16 08:43:00,P,0,5,5,18,15,20056,2
Echo,2016-04-16 09:01:00,P,0,2016-04-16 09:06:00,P,0,5,5,18,15,20056,2
Foxtrot,2016-04-16 09:24:00,P,0,2016-04-16 09:29:00,P,0,5,5,18,15,20056,2
Golf,2016-04-16 09:47:00,P,0,2016-04-16 09:52:00,P,0,5,5,18,15,20056,2
Hotel,2016-04-16 10:10:00,P,0,2016-04-16 10:15:00,P,0,5,5,18,15,20056,2
India,2016-04-16 10:33:00,P,0,2016-04-16 10:38:00,P,0,5,5,18,15,20056,2
Juliet,2016-04-16 10:56:00,P,0,2016-04-16 11:01:00,P,0,5,5,18,15,20056,2
Kilo,2016-04-16 11:19:00,P,0,2016-04-16 11:24:00,P,0,5,5,0,0,20056,2
Alpha,2016-04-16 08:36:00,P,0,2016-04-16 08:41:00,P,0,5,5,18,15,20012,2
Bravo,2016-04-16 08:59:00,P,0,2016-04-16 09:04:00,P,0,5,5,18,15,20012,2
Charlie,2016-04-16 09:22:00,P,0,2016-04-16 09:27:00,P,0,5,5,18,15,20012,2
Delta,2016-04-16 09:45:00,P,0,2016-04-16 09:50:00,P,0,5,5,18,15,20012,2
Echo,2016-04-16 10:08:00,P,0,2016-04-16 10:13:00,P,0,5,5,18,15,20012,2
Foxtrot,2016-04-16 10:31:00,P,0,2016-04-16 10:36:00,P,0,5,5,18,15,20012,2
Golf,2016-04-16 10:54:00,P,0,2016-04-16 10:59:00,P,0,5,5,18,15,20012,2
Hotel,2016-04-16 11:17:00,P,0,2016-04-16 11:22:00,P,0,5,5,18,15,20012,2
India,2016-04-16 11:40:00,P,0,2016-04-16 11:45:00,P,0,5,5,18,15,20012,2
Juliet,2016-04-16 12:03:00,P,0,2016-04-16 12:08:00,P,0,5,5,18,15,20012,2
Kilo,2016-04-16 12:26:00,P,0,2016-04-16 12:31:00,P,0,5,5,0,0,20012,2
Kilo,2016-04-17 11:06:00,P,0,2016-04-17 11:11:00,P,0,5,5,18,15,20015,2
Juliet,2016-04-17 11:29:00,P,0,2016-04-17 11:34:00,P,0,5,5,18,15,20015,2
India,2016-04-17 11:52:00,P,0,2016-04-17 11:57:00,P,0,5,5,18,15,20015,2
Hotel,2016-04-17 12:15:00,P,0,2016-04-17 12:20:00,P,0,5,5,18,15,20015,2
Golf,2016-04-17 12:38:00,P,0,2016-04-17 12:43:00,P,0,5,5,18,15,20015,2
Foxtrot,2016-04-17 13:01:00,P,0,2016-04-17 13:06:00,P,0,5,5,18,15,20015,2
Echo,2016-04-17 13:24:00,P,0,2016-04-17 13:29:00,P,0,5,5,18,15,20015,2
Delta,2016-04-17 13:47:00,P,0,2016-04-17 13:52:00,P,0,5,5,18,15,20015,2
Charlie,2016-04-17 14:10:00,P,0,2016-04-17 14:15:00,P,0,5,5,18,15,20015,2
Bravo,2016-04-17 14:33:00,P,0,2016-04-17 14:38:00,P,0,5,5,18,15,20015,2
Alpha,2016-04-17 14:56:00,P,0,2016-04-17 15:01:00,P,0,5,5,0,0,20015,2
Alpha,2016-04-17 06:49:00,P,0,2016-04-17 06:54:00,P,0,5,5,18,15,20046,2
Bravo,2016-04-17 07:12:00,P,0,2016-04-17 07:17:00,P,0,5,5,18,15,20046,2
Charlie,2016-04-17 07:35:00,P,0,2016-04-17 07:40:00,P,0,5,5,18,15,20046,2
Delta,2016-04-17 07:58:00,P,0,2016-04-17 08:03:00,P,0,5,5,18,15,20046,2
Echo,2016-04-17 08:21:00,P,0,2016-04-17 08:26:00,P,0,5,5,18,15,20046,2
Foxtrot,2016-04-17 08:44:00,P,0,2016-04-17 08:49:00,P,0,5,5,18,15,20046,2
Golf,2016-04-17 09:07:00,P,0,2016-04-17 09:12:00,P,0,5,5,18,15,20046,2
Hotel,2016-04-17 09:30:00,P,0,2016-04-17 09:35:00,P,0,5,5,18,15,20046,2
India,2016-04-17 09:53:00,P,0,2016-04-17 09:58:00,P,0,5,5,18,15,20046,2
Juliet,2016-04-17 10:16:00,P,0,2016-04-17 10:21:00,P,0,5,5,18,15,20046,2
Kilo,2016-04-17 10:39:00,P,0,2016-04-17 10:44:00,P,0,5,5,0,0,20046,2
Alpha,2016-04-17 19:40:00,P,0,2016-04-17 19:45:00,P,0,5,5,18,15,20062,2
Bravo,2016-04-17 20:03:00,P,0,2016-04-17 20:08:00,P,0,5,5,18,15,20062,2
Charlie,2016-04-17 20:26:00,P,0,2016-04-17 20:31:00,P,0,5,5,18,15,20062,2
Delta,2016-04-17 20:49:00,P,0,2016-04-17 20:54:00,P,0,5,5,18,15,20062,2
Echo,2016-04-17 21:12:00,P,0,2016-04-17 21:17:00,P,0,5,5,18,15,20062,2
Foxtrot,2016-04-17 21:35:00,P,0,2016-04-17 21:40:00,P,0,5,5,18,15,20062,2
Golf,2016-04-17 21:58:00,P,0,2016-04-17 22:03:00,P,0,5,5,18,15,20062,2
Hotel,2016-04-17 22:21:00,P,0,2016-04-17 22:26:00,P,0,5,5,18,15,20062,2
India,2016-04-17 22:44:00,P,0,2016-04-17 22:49:00,P,0,5,5,18,15,20062,2
Juliet,2016-04-17 23:07:00,P,0,2016-04-17 23:12:00,P,0,5,5,18,15,20062,2
Kilo,2016-04-17 23:30:00,P,0,2016-04-17 23:35:00,P,0,5,5,0,0,20062,2
Kilo,2016-04-17 10:18:00,P,0,2016-04-17 10:23:00,P,0,5,5,12,10,10029,1
Juliet,2016-04-17 10:35:00,P,0,2016-04-17 10:40:00,P,0,5,5,12,10,10029,1
India,2016-04-17 10:52:00,P,0,2016-04-17 10:57:00,P,0,5,5,12,10,10029,1
Hotel,2016-04-17 11:09:00,P,0,2016-04-17 11:14:00,P,0,5,5,12,10,10029,1
Golf,2016-04-17 11:26:00,P,0,2016-04-17 11:31:00,P,0,5,5,12,10,10029,1
Foxtrot,2016-04-17 11:43:00,P,0,2016-04-17 11:48:00,P,0,5,5,12,10,10029,1
Echo,2016-04-17 12:00:00,P,0,2016-04-17 12:05:00,P,0,5,5,12,10,10029,1
Delta,2016-04-17 12:17:00,P,0,2016-04-17 12:22:00,P,0,5,5,12,10,10029,1
Charlie,2016-04-17 12:34:00,P,0,2016-04-17 12:39:00,P,0,5,5,12,10,10029,1
Bravo,2016-04-17 12:51:00,P,0,2016-04-17 12:56:00,P,0,5,5,12,10,10029,1
Alpha,2016-04-17 13:08:00,P,0,2016-04-17 13:13:00,P,0,5,5,0,0,10029,1
Kilo,2016-04-16 10:45:00,P,0,2016-04-16 10:50:00,P,0,5,5,18,15,20039,2
Juliet,2016-04-16 11:08:00,P,0,2016-04-16 11:13:00,P,0,5,5,18,15,20039,2
India,2016-04-16 11:31:00,P,0,2016-04-16 11:36:00,P,0,5,5,18,15,20039,2
Hotel,2016-04-16 11:54:00,P,0,2016-04-16 11:59:00,P,0,5,5,18,15,20039,2
Golf,2016-04-16 12:17:00,P,0,2016-04-16 12:22:00,P,0,5,5,18,15,20039,2
Foxtrot,2016-04-16 12:40:00,P,0,2016-04-16 12:45:00,P,0,5,5,18,15,20039,2
Echo,2016-04-16 13:03:00,P,0,2016-04-16 13:08:00,P,0,5,5,18,15,20039,2
Delta,2016-04-16 13:26:00,P,0,2016-04-16 13:31:00,P,0,5,5,18,15,20039,2
Charlie,2016-04-16 13:49:00,P,0,2016-04-16 13:54:00,P,0,5,5,18,15,20039,2
Bravo,2016-04-16 14:12:00,P,0,2016-04-16 14:17:00,P,0,5,5,18,15,20039,2
Alpha,2016-04-16 14:35:00,P,0,2016-04-16 14:40:00,P,0,5,5,0,0,20039,2
Kilo,2016-04-16 07:12:00,P,0,2016-04-16 07:17:00,P,0,5,5,18,15,20041,2
Juliet,2016-04-16 07:35:00,P,0,2016-04-16 07:40:00,P,0,5,5,18,15,20041,2
India,2016-04-16 07:58:00,P,0,2016-04-16 08:03:00,P,0,5,5,18,15,20041,2
Hotel,2016-04-16 08:21:00,P,0,2016-04-16 08:26:00,P,0,5,5,18,15,20041,2
Golf,2016-04-16 08:44:00,P,0,2016-04-16 08:49:00,P,0,5,5,18,15,20041,2
Foxtrot,2016-04-16 09:07:00,P,0,2016-04-16 09:12:00,P,0,5,5,18,15,20041,2
Echo,2016-04-16 09:30:00,P,0,2016-04-16 09:35:00,P,0,5,5,18,15,20041,2
Delta,2016-04-16 09:53:00,P,0,2016-04-16 09:58:00,P,0,5,5,18,15,20041,2
Charlie,2016-04-16 10:16:00,P,0,2016-04-16 10:21:00,P,0,5,5,18,15,20041,2
Bravo,2016-04-16 10:39:00,P,0,2016-04-16 10:44:00,P,0,5,5,18,15,20041,2
Alpha,2016-04-16 11:02:00,P,0,2016-04-16 11:07:00,P,0,5,5,0,0,20041,2
Alpha,2016-04-16 06:35:00,P,0,2016-04-16 06:40:00,P,0,5,5,18,15,20006,2
Bravo,2016-04-16 06:58:00,P,0,2016-04-16 07:03:00,P,0,5,5,18,15,20006,2
Charlie,2016-04-16 07:21:00,P,0,2016-04-16 07:26:00,P,0,5,5,18,15,20006,2
Delta,2016-04-16 07:44:00,P,0,2016-04-16 07:49:00,P,0,5,5,18,15,20006,2
Echo,2016-04-16 08:07:00,P,0,2016-04-16 08:12:00,P,0,5,5,18,15,20006,2
Foxtrot,2016-04-16 08:30:00,P,0,2016-04-16 08:35:00,P,0,5,5,18,15,20006,2
Golf,2016-04-16 08:53:00,P,0,2016-04-16 08:58:00,P,0,5,5,18,15,20006,2
Hotel,2016-04-16 09:16:00,P,0,2016-04-16 09:21:00,P,0,5,5,18,15,20006,2
India,2016-04-16 09:39:00,P,0,2016-04-16 09:44:00,P,0,5,5,18,15,20006,2
Juliet,2016-04-16 10:02:00,P,0,2016-04-16 10:07:00,P,0,5,5,18,15,20006,2
Kilo,2016-04-16 10:25:00,P,0,2016-04-16 10:30:00,P,0,5,5,0,0,20006,2
Alpha,2016-04-17 17:47:00,P,0,2016-04-17 17:52:00,P,0,5,5,18,15,20060,2
Bravo,2016-04-17 18:10:00,P,0,2016-04-17 18:15:00,P,0,5,5,18,15,20060,2
Charlie,2016-04-17 18:33:00,P,0,2016-04-17 18:38:00,P,0,5,5,18,15,20060,2
Delta,2016-04-17 18:56:00,P,0,2016-04-17 19:01:00,P,0,5,5,18,15,20060,2
Echo,2016-04-17 19:19:00,P,0,2016-04-17 19:24:00,P,0,5,5,18,15,20060,2
Foxtrot,2016-04-17 19:42:00,P,0,2016-04-17 19:47:00,P,0,5,5,18,15,20060,2
Golf,2016-04-17 20:05:00,P,0,2016-04-17 20:10:00,P,0,5,5,18,15,20060,2
Hotel,2016-04-17 20:28:00,P,0,2016-04-17 20:33:00,P,0,5,5,18,15,20060,2
India,2016-04-17 20:51:00,P,0,2016-04-17 20:56:00,P,0,5,5,18,15,20060,2
Juliet,2016-04-17 21:14:00,P,0,2016-04-17 21:19:00,P,0,5,5,18,15,20060,2
Kilo,2016-04-17 21:37:00,P,0,2016-04-17 21:42:00,P,0,5,5,0,0,20060,2
Alpha,2016-04-17 04:43:00,P,0,2016-04-17 04:48:00,P,0,5,5,12,10,10008,1
Bravo,2016-04-17 05:00:00,P,0,2016-04-17 05:05:00,P,0,5,5,12,10,10008,1
Charlie,2016-04-17 05:17:00,P,0,2016-04-17 05:22:00,P,0,5,5,12,10,10008,1
Delta,2016-04-17 05:34:00,P,0,2016-04-17 05:39:00,P,0,5,5,12,10,10008,1
Echo,2016-04-17 05:51:00,P,0,2016-04-17 05:56:00,P,0,5,5,12,10,10008,1
Foxtrot,2016-04-17 06:08:00,P,0,2016-04-17 06:13:00,P,0,5,5,12,10,10008,1
Golf,2016-04-17 06:25:00,P,0,2016-04-17 06:30:00,P,0,5,5,12,10,10008,1
Hotel,2016-04-17 06:42:00,P,0,2016-04-17 06:47:00,P,0,5,5,12,10,10008,1
India,2016-04-17 06:59:00,P,0,2016-04-17 07:04:00,P,0,5,5,12,10,10008,1
Juliet,2016-04-17 07:16:00,P,0,2016-04-17 07:21:00,P,0,5,5,12,10,10008,1
Kilo,2016-04-17 07:33:00,P,0,2016-04-17 07:38:00,P,0,5,5,0,0,10008,1
Alpha,2016-04-17 10:46:00,P,0,2016-04-17 10:51:00,P,0,5,5,12,10,10030,1
Bravo,2016-04-17 11:03:00,P,0,2016-04-17 11:08:00,P,0,5,5,12,10,10030,1
Charlie,2016-04-17 11:20:00,P,0,2016-04-17 11:25:00,P,0,5,5,12,10,10030,1
Delta,2016-04-17 11:37:00,P,0,2016-04-17 11:42:00,P,0,5,5,12,10,10030,1
Echo,2016-04-17 11:54:00,P,0,2016-04-17 11:59:00,P,0,5,5,12,10,10030,1
Foxtrot,2016-04-17 12:11:00,P,0,2016-04-17 12:16:00,P,0,5,5,12,10,10030,1
Golf,2016-04-17 12:28:00,P,0,2016-04-17 12:33:00,P,0,5,5,12,10,10030,1
Hotel,2016-04-17 12:45:00,P,0,2016-04-17 12:50:00,P,0,5,5,12,10,10030,1
India,2016-04-17 13:02:00,P,0,2016-04-17 13:07:00,P,0,5,5,12,10,10030,1
Juliet,2016-04-17 13:19:00,P,0,2016-04-17 13:24:00,P,0,5,5,12,10,10030,1
Kilo,2016-04-17 13:36:00,P,0,2016-04-17 13:41:00,P,0,5,5,0,0,10030,1
Kilo,2016-04-17 00:59:00,P,0,2016-04-17 01:04:00,P,0,5,5,12,10,10013,1
Juliet,2016-04-17 01:16:00,P,0,2016-04-17 01:21:00,P,0,5,5,12,10,10013,1
India,2016-04-17 01:33:00,P,0,2016-04-17 01:38:00,P,0,5,5,12,10,10013,1
Hotel,2016-04-17 01:50:00,P,0,2016-04-17 01:55:00,P,0,5,5,12,10,10013,1
Golf,2016-04-17 02:07:00,P,0,2016-04-17 02:12:00,P,0,5,5,12,10,10013,1
Foxtrot,2016-04-17 02:24:00,P,0,2016-04-17 02:29:00,P,0,5,5,12,10,10013,1
Echo,2016-04-17 02:41:00,P,0,2016-04-17 02:46:00,P,0,5,5,12,10,10013,1
Delta,2016-04-17 02:58:00,P,0,2016-04-17 03:03:00,P,0,5,5,12,10,10013,1
Charlie,2016-04-17 03:15:00,P,0,2016-04-17 03:20:00,P,0,5,5,12,10,10013,1
Bravo,2016-04-17 03:32:00,P,0,2016-04-17 03:37:00,P,0,5,5,12,10,10013,1
Alpha,2016-04-17 03:49:00,P,0,2016-04-17 03:54:00,P,0,5,5,0,0,10013,1
Alpha,2016-04-17 08:21:00,P,0,2016-04-17 08:26:00,P,0,5,5,18,15,20018,2
Bravo,2016-04-17 08:44:00,P,0,2016-04-17 08:49:00,P,0,5,5,18,15,20018,2
Charlie,2016-04-17 09:07:00,P,0,2016-04-17 09:12:00,P,0,5,5,18,15,20018,2
Delta,2016-04-17 09:30:00,P,0,2016-04-17 09:35:00,P,0,5,5,18,15,20018,2
Echo,2016-04-17 09:53:00,P,0,2016-04-17 09:58:00,P,0,5,5,18,15,20018,2
Foxtrot,2016-04-17 10:16:00,P,0,2016-04-17 10:21:00,P,0,5,5,18,15,20018,2
Golf,2016-04-17 10:39:00,P,0,2016-04-17 10:44:00,P,0,5,5,18,15,20018,2
Hotel,2016-04-17 11:02:00,P,0,2016-04-17 11:07:00,P,0,5,5,18,15,20018,2
India,2016-04-17 11:25:00,P,0,2016-04-17 11:30:00,P,0,5,5,18,15,20018,2
Juliet,2016-04-17 11:48:00,P,0,2016-04-17 11:53:00,P,0,5,5,18,15,20018,2
Kilo,2016-04-17 12:11:00,P,0,2016-04-17 12:16:00,P,0,5,5,0,0,20018,2
Kilo,2016-04-17 07:52:00,P,0,2016-04-17 07:57:00,P,0,5,5,12,10,10003,1
Juliet,2016-04-17 08:09:00,P,0,2016-04-17 08:14:00,P,0,5,5,12,10,10003,1
India,2016-04-17 08:26:00,P,0,2016-04-17 08:31:00,P,0,5,5,12,10,10003,1
Hotel,2016-04-17 08:43:00,P,0,2016-04-17 08:48:00,P,0,5,5,12,10,10003,1
Golf,2016-04-17 09:00:00,P,0,2016-04-17 09:05:00,P,0,5,5,12,10,10003,1
Foxtrot,2016-04-17 09:17:00,P,0,2016-04-17 09:22:00,P,0,5,5,12,10,10003,1
Echo,2016-04-17 09:34:00,P,0,2016-04-17 09:39:00,P,0,5,5,12,10,10003,1
Delta,2016-04-17 09:51:00,P,0,2016-04-17 09:56:00,P,0,5,5,12,10,10003,1
Charlie,2016-04-17 10:08:00,P,0,2016-04-17 10:13:00,P,0,5,5,12,10,10003,1
Bravo,2016-04-17 10:25:00,P,0,2016-04-17 10:30:00,P,0,5,5,12,10,10003,1
Alpha,2016-04-17 10:42:00,P,0,2016-04-17 10:47:00,P,0,5,5,0,0,10003,1
Alpha,2016-04-17 05:40:00,P,0,2016-04-17 05:45:00,P,0,5,5,12,10,10006,1
Bravo,2016-04-17 05:57:00,P,0,2016-04-17 06:02:00,P,0,5,5,12,10,10006,1
Charlie,2016-04-17 06:14:00,P,0,2016-04-17 06:19:00,P,0,5,5,12,10,10006,1
Delta,2016-04-17 06:31:00,P,0,2016-04-17 06:36:00,P,0,5,5,12,10,10006,1
Echo,2016-04-17 06:48:00,P,0,2016-04-17 06:53:00,P,0,5,5,12,10,10006,1
Foxtrot,2016-04-17 07:05:00,P,0,2016-04-17 07:10:00,P,0,5,5,12,10,10006,1
Golf,2016-04-17 07:22:00,P,0,2016-04-17 07:27:00,P,0,5,5,12,10,10006,1
Hotel,2016-04-17 07:39:00,P,0,2016-04-17 07:44:00,P,0,5,5,12,10,10006,1
India,2016-04-17 07:56:00,P,0,2016-04-17 08:01:00,P,0,5,5,12,10,10006,1
Juliet,2016-04-17 08:13:00,P,0,2016-04-17 08:18:00,P,0,5,5,12,10,10006,1
Kilo,2016-04-17 08:30:00,P,0,2016-04-17 08:35:00,P,0,5,5,0,0,10006,1
Alpha,2016-04-16 08:10:00,P,0,2016-04-16 08:15:00,P,0,5,5,18,15,20026,2
Bravo,2016-04-16 08:33:00,P,0,2016-04-16 08:38:00,P,0,5,5,18,15,20026,2
Charlie,2016-04-16 08:56:00,P,0,2016-04-16 09:01:00,P,0,5,5,18,15,20026,2
Delta,2016-04-16 09:19:00,P,0,2016-04-16 09:24:00,P,0,5,5,18,15,20026,2
Echo,2016-04-16 09:42:00,P,0,2016-04-16 09:47:00,P,0,5,5,18,15,20026,2
Foxtrot,2016-04-16 10:05:00,P,0,2016-04-16 10:10:00,P,0,5,5,18,15,20026,2
Golf,2016-04-16 10:28:00,P,0,2016-04-16 10:33:00,P,0,5,5,18,15,20026,2
Hotel,2016-04-16 10:51:00,P,0,2016-04-16 10:56:00,P,0,5,5,18,15,20026,2
India,2016-04-16 11:14:00,P,0,2016-04-16 11:19:00,P,0,5,5,18,15,20026,2
Juliet,2016-04-16 11:37:00,P,0,2016-04-16 11:42:00,P,0,5,5,18,15,20026,2
Kilo,2016-04-16 12:00:00,P,0,2016-04-16 12:05:00,P,0,5,5,0,0,20026,2
Kilo,2016-04-17 20:44:00,P,0,2016-04-17 20:49:00,P,0,5,5,18,15,20063,2
Juliet,2016-04-17 21:07:00,P,0,2016-04-17 21:12:00,P,0,5,5,18,15,20063,2
India,2016-04-17 21:30:00,P,0,2016-04-17 21:35:00,P,0,5,5,18,15,20063,2
Hotel,2016-04-17 21:53:00,P,0,2016-04-17 21:58:00,P,0,5,5,18,15,20063,2
Golf,2016-04-17 22:16:00,P,0,2016-04-17 22:21:00,P,0,5,5,18,15,20063,2
Foxtrot,2016-04-17 22:39:00,P,0,2016-04-17 22:44:00,P,0,5,5,18,15,20063,2
Echo,2016-04-17 23:02:00,P,0,2016-04-17 23:07:00,P,0,5,5,18,15,20063,2
Delta,2016-04-17 23:25:00,P,0,2016-04-17 23:30:00,P,0,5,5,18,15,20063,2
Charlie,2016-04-17 23:48:00,P,0,2016-04-17 23:53:00,P,0,5,5,18,15,20063,2
Bravo,2016-04-18 00:11:00,P,0,2016-04-18 00:16:00,P,0,5,5,18,15,20063,2
Alpha,2016-04-18 00:34:00,P,0,2016-04-18 00:39:00,P,0,5,5,0,0,20063,2
Alpha,2016-04-16 20:50:00,P,0,2016-04-16 20:55:00,P,0,5,5,12,10,10012,1
Bravo,2016-04-16 21:07:00,P,0,2016-04-16 21:12:00,P,0,5,5,12,10,10012,1
Charlie,2016-04-16 21:24:00,P,0,2016-04-16 21:29:00,P,0,5,5,12,10,10012,1
Delta,2016-04-16 21:41:00,P,0,2016-04-16 21:46:00,P,0,5,5,12,10,10012,1
Echo,2016-04-16 21:58:00,P,0,2016-04-16 22:03:00,P,0,5,5,12,10,10012,1
Foxtrot,2016-04-16 22:15:00,P,0,2016-04-16 22:20:00,P,0,5,5,12,10,10012,1
Golf,2016-04-16 22:32:00,P,0,2016-04-16 22:37:00,P,0,5,5,12,10,10012,1
Hotel,2016-04-16 22:49:00,P,0,2016-04-16 22:54:00,P,0,5,5,12,10,10012,1
India,2016-04-16 23:06:00,P,0,2016-04-16 23:11:00,P,0,5,5,12,10,10012,1
Juliet,2016-04-16 23:23:00,P,0,2016-04-16 23:28:00,P,0,5,5,12,10,10012,1
Kilo,2016-04-16 23:40:00,P,0,2016-04-16 23:45:00,P,0,5,5,0,0,10012,1
Alpha,2016-04-16 02:33:00,P,0,2016-04-16 02:38:00,P,0,5,5,12,10,10016,1
Bravo,2016-04-16 02:50:00,P,0,2016-04-16 02:55:00,P,0,5,5,12,10,10016,1
Charlie,2016-04-16 03:07:00,P,0,2016-04-16 03:12:00,P,0,5,5,12,10,10016,1
Delta,2016-04-16 03:24:00,P,0,2016-04-16 03:29:00,P,0,5,5,12,10,10016,1
Echo,2016-04-16 03:41:00,P,0,2016-04-16 03:46:00,P,0,5,5,12,10,10016,1
Foxtrot,2016-04-16 03:58:00,P,0,2016-04-16 04:03:00,P,0,5,5,12,10,10016,1
Golf,2016-04-16 04:15:00,P,0,2016-04-16 04:20:00,P,0,5,5,12,10,10016,1
Hotel,2016-04-16 04:32:00,P,0,2016-04-16 04:37:00,P,0,5,5,12,10,10016,1
India,2016-04-16 04:49:00,P,0,2016-04-16 04:54:00,P,0,5,5,12,10,10016,1
Juliet,2016-04-16 05:06:00,P,0,2016-04-16 05:11:00,P,0,5,5,12,10,10016,1
Kilo,2016-04-16 05:23:00,P,0,2016-04-16 05:28:00,P,0,5,5,0,0,10016,1
Alpha,2016-04-16 03:00:00,P,0,2016-04-16 03:05:00,P,0,5,5,18,15,20066,2
Bravo,2016-04-16 03:23:00,P,0,2016-04-16 03:28:00,P,0,5,5,18,15,20066,2
Charlie,2016-04-16 03:46:00,P,0,2016-04-16 03:51:00,P,0,5,5,18,15,20066,2
Delta,2016-04-16 04:09:00,P,0,2016-04-16 04:14:00,P,0,5,5,18,15,20066,2
Echo,2016-04-16 04:32:00,P,0,2016-04-16 04:37:00,P,0,5,5,18,15,20066,2
Foxtrot,2016-04-16 04:55:00,P,0,2016-04-16 05:00:00,P,0,5,5,18,15,20066,2
Golf,2016-04-16 05:18:00,P,0,2016-04-16 05:23:00,P,0,5,5,18,15,20066,2
Hotel,2016-04-16 05:41:00,P,0,2016-04-16 05:46:00,P,0,5,5,18,15,20066,2
India,2016-04-16 06:04:00,P,0,2016-04-16 06:09:00,P,0,5,5,18,15,20066,2
Juliet,2016-04-16 06:27:00,P,0,2016-04-16 06:32:00,P,0,5,5,18,15,20066,2
Kilo,2016-04-16 06:50:00,P,0,2016-04-16 06:55:00,P,0,5,5,0,0,20066,2
Kilo,2016-04-17 12:37:00,P,0,2016-04-17 12:42:00,P,0,5,5,18,15,20021,2
Juliet,2016-04-17 13:00:00,P,0,2016-04-17 13:05:00,P,0,5,5,18,15,20021,2
India,2016-04-17 13:23:00,P,0,2016-04-17 13:28:00,P,0,5,5,18,15,20021,2
Hotel,2016-04-17 13:46:00,P,0,2016-04-17 13:51:00,P,0,5,5,18,15,20021,2
Golf,2016-04-17 14:09:00,P,0,2016-04-17 14:14:00,P,0,5,5,18,15,20021,2
Foxtrot,2016-04-17 14:32:00,P,0,2016-04-17 14:37:00,P,0,5,5,18,15,20021,2
Echo,2016-04-17 14:55:00,P,0,2016-04-17 15:00:00,P,0,5,5,18,15,20021,2
Delta,2016-04-17 15:18:00,P,0,2016-04-17 15:23:00,P,0,5,5,18,15,20021,2
Charlie,2016-04-17 15:41:00,P,0,2016-04-17 15:46:00,P,0,5,5,18,15,20021,2
Bravo,2016-04-17 16:04:00,P,0,2016-04-17 16:09:00,P,0,5,5,18,15,20021,2
Alpha,2016-04-17 16:27:00,P,0,2016-04-17 16:32:00,P,0,5,5,0,0,20021,2
Alpha,2016-04-16 15:17:00,P,0,2016-04-16 15:22:00,P,0,5,5,18,15,20022,2
Bravo,2016-04-16 15:40:00,P,0,2016-04-16 15:45:00,P,0,5,5,18,15,20022,2
Charlie,2016-04-16 16:03:00,P,0,2016-04-16 16:08:00,P,0,5,5,18,15,20022,2
Delta,2016-04-16 16:26:00,P,0,2016-04-16 16:31:00,P,0,5,5,18,15,20022,2
Echo,2016-04-16 16:49:00,P,0,2016-04-16 16:54:00,P,0,5,5,18,15,20022,2
Foxtrot,2016-04-16 17:12:00,P,0,2016-04-16 17:17:00,P,0,5,5,18,15,20022,2
Golf,2016-04-16 17:35:00,P,0,2016-04-16 17:40:00,P,0,5,5,18,15,20022,2
Hotel,2016-04-16 17:58:00,P,0,2016-04-16 18:03:00,P,0,5,5,18,15,20022,2
India,2016-04-16 18:21:00,P,0,2016-04-16 18:26:00,P,0,5,5,18,15,20022,2
Juliet,2016-04-16 18:44:00,P,0,2016-04-16 18:49:00,P,0,5,5,18,15,20022,2
Kilo,2016-04-16 19:07:00,P,0,2016-04-16 19:12:00,P,0,5,5,0,0,20022,2
Kilo,2016-04-17 04:24:00,P,0,2016-04-17 04:29:00,P,0,5,5,18,15,20047,2
Juliet,2016-04-17 04:47:00,P,0,2016-04-17 04:52:00,P,0,5,5,18,15,20047,2
India,2016-04-17 05:10:00,P,0,2016-04-17 05:15:00,P,0,5,5,18,15,20047,2
Hotel,2016-04-17 05:33:00,P,0,2016-04-17 05:38:00,P,0,5,5,18,15,20047,2
Golf,2016-04-17 05:56:00,P,0,2016-04-17 06:01:00,P,0,5,5,18,15,20047,2
Foxtrot,2016-04-17 06:19:00,P,0,2016-04-17 06:24:00,P,0,5,5,18,15,20047,2
Echo,2016-04-17 06:42:00,P,0,2016-04-17 06:47:00,P,0,5,5,18,15,20047,2
Delta,2016-04-17 07:05:00,P,0,2016-04-17 07:10:00,P,0,5,5,18,15,20047,2
Charlie,2016-04-17 07:28:00,P,0,2016-04-17 07:33:00,P,0,5,5,18,15,20047,2
Bravo,2016-04-17 07:51:00,P,0,2016-04-17 07:56:00,P,0,5,5,18,15,20047,2
Alpha,2016-04-17 08:14:00,P,0,2016-04-17 08:19:00,P,0,5,5,0,0,20047,2
Kilo,2016-04-17 02:56:00,P,0,2016-04-17 03:01:00,P,0,5,5,18,15,20007,2
Juliet,2016-04-17 03:19:00,P,0,2016-04-17 03:24:00,P,0,5,5,18,15,20007,2
India,2016-04-17 03:42:00,P,0,2016-04-17 03:47:00,P,0,5,5,18,15,20007,2
Hotel,2016-04-17 04:05:00,P,0,2016-04-17 04:10:00,P,0,5,5,18,15,20007,2
Golf,2016-04-17 04:28:00,P,0,2016-04-17 04:33:00,P,0,5,5,18,15,20007,2
Foxtrot,2016-04-17 04:51:00,P,0,2016-04-17 04:56:00,P,0,5,5,18,15,20007,2
Echo,2016-04-17 05:14:00,P,0,2016-04-17 05:19:00,P,0,5,5,18,15,20007,2
Delta,2016-04-17 05:37:00,P,0,2016-04-17 05:42:00,P,0,5,5,18,15,20007,2
Charlie,2016-04-17 06:00:00,P,0,2016-04-17 06:05:00,P,0,5,5,18,15,20007,2
Bravo,2016-04-17 06:23:00,P,0,2016-04-17 06:28:00,P,0,5,5,18,15,20007,2
Alpha,2016-04-17 06:46:00,P,0,2016-04-17 06:51:00,P,0,5,5,0,0,20007,2
Alpha,2016-04-17 08:05:00,P,0,2016-04-17 08:10:00,P,0,5,5,18,15,20034,2
Bravo,2016-04-17 08:28:00,P,0,2016-04-17 08:33:00,P,0,5,5,18,15,20034,2
Charlie,2016-04-17 08:51:00,P,0,2016-04-17 08:56:00,P,0,5,5,18,15,20034,2
Delta,2016-04-17 09:14:00,P,0,2016-04-17 09:19:00,P,0,5,5,18,15,20034,2
Echo,2016-04-17 09:37:00,P,0,2016-04-17 09:42:00,P,0,5,5,18,15,20034,2
Foxtrot,2016-04-17 10:00:00,P,0,2016-04-17 10:05:00,P,0,5,5,18,15,20034,2
Golf,2016-04-17 10:23:00,P,0,2016-04-17 10:28:00,P,0,5,5,18,15,20034,2
Hotel,2016-04-17 10:46:00,P,0,2016-04-17 10:51:00,P,0,5,5,18,15,20034,2
India,2016-04-17 11:09:00,P,0,2016-04-17 11:14:00,P,0,5,5,18,15,20034,2
Juliet,2016-04-17 11:32:00,P,0,2016-04-17 11:37:00,P,0,5,5,18,15,20034,2
Kilo,2016-04-17 11:55:00,P,0,2016-04-17 12:00:00,P,0,5,5,0,0,20034,2
Kilo,2016-04-17 14:43:00,P,0,2016-04-17 14:48:00,P,0,5,5,18,15,20053,2
Juliet,2016-04-17 15:06:00,P,0,2016-04-17 15:11:00,P,0,5,5,18,15,20053,2
India,2016-04-17 15:29:00,P,0,2016-04-17 15:34:00,P,0,5,5,18,15,20053,2
Hotel,2016-04-17 15:52:00,P,0,2016-04-17 15:57:00,P,0,5,5,18,15,20053,2
Golf,2016-04-17 16:15:00,P,0,2016-04-17 16:20:00,P,0,5,5,18,15,20053,2
Foxtrot,2016-04-17 16:38:00,P,0,2016-04-17 16:43:00,P,0,5,5,18,15,20053,2
Echo,2016-04-17 17:01:00,P,0,2016-04-17 17:06:00,P,0,5,5,18,15,20053,2
Delta,2016-04-17 17:24:00,P,0,2016-04-17 17:29:00,P,0,5,5,18,15,20053,2
Charlie,2016-04-17 17:47:00,P,0,2016-04-17 17:52:00,P,0,5,5,18,15,20053,2
Bravo,2016-04-17 18:10:00,P,0,2016-04-17 18:15:00,P,0,5,5,18,15,20053,2
Alpha,2016-04-17 18:33:00,P,0,2016-04-17 18:38:00,P,0,5,5,0,0,20053,2
Alpha,2016-04-16 04:27:00,P,0,2016-04-16 04:32:00,P,0,5,5,12,10,10020,1
Bravo,2016-04-16 04:44:00,P,0,2016-04-16 04:49:00,P,0,5,5,12,10,10020,1
Charlie,2016-04-16 05:01:00,P,0,2016-04-16 05:06:00,P,0,5,5,12,10,10020,1
Delta,2016-04-16 05:18:00,P,0,2016-04-16 05:23:00,P,0,5,5,12,10,10020,1
Echo,2016-04-16 05:35:00,P,0,2016-04-16 05:40:00,P,0,5,5,12,10,10020,1
Foxtrot,2016-04-16 05:52:00,P,0,2016-04-16 05:57:00,P,0,5,5,12,10,10020,1
Golf,2016-04-16 06:09:00,P,0,2016-04-16 06:14:00,P,0,5,5,12,10,10020,1
Hotel,2016-04-16 06:26:00,P,0,2016-04-16 06:31:00,P,0,5,5,12,10,10020,1
India,2016-04-16 06:43:00,P,0,2016-04-16 06:48:00,P,0,5,5,12,10,10020,1
Juliet,2016-04-16 07:00:00,P,0,2016-04-16 07:05:00,P,0,5,5,12,10,10020,1
Kilo,2016-04-16 07:17:00,P,0,2016-04-16 07:22:00,P,0,5,5,0,0,10020,1
